AccountName,AccountShortName,AccountId,EntityId
Trading Account SG 1,Acc SG 1,PALOSG8745,67S3W5G97PLR6CFI0C21
Trading Account SG 2,Acc SG 2,PALOSG3126,67S3W5G97PLR6CFI0C21
Trading Account SG 3,Acc SG 3,PALOSG9071,67S3W5G97PLR6CFI0C21
Trading Account US 1,Acc US 1,PALOUS3014,X16SJBPCWP68U2WPJL6N
Trading Account US 2,Acc US 2,PALOUS6924,X16SJBPCWP68U2WPJL6N
Trading Account UK 1,Acc UK 1,PALOHK2046,BTP4W46BJCSBK5JHPZ9H
Trading Account AUS 1,Acc AUS 1,PALOAUS4931,Y1F6SNPABNIC9HJ16RKM
Trading Account AUS 2,Acc AUS 2,PALOAUS7439,Y1F6SNPABNIC9HJ16RKM
Trading Account AUS 3,Acc AUS 3,PALOAUS3021,Y1F6SNPABNIC9HJ16RKM
